-- MySQL dump 10.13  Distrib 8.0.17, for macos10.14 (x86_64)
--
-- Host: localhost    Database: restaurant
-- ------------------------------------------------------
-- Server version	8.0.17

/*!40101 SET @OLD_CHARACTER_SET_CLIENT=@@CHARACTER_SET_CLIENT */;
/*!40101 SET @OLD_CHARACTER_SET_RESULTS=@@CHARACTER_SET_RESULTS */;
/*!40101 SET @OLD_COLLATION_CONNECTION=@@COLLATION_CONNECTION */;
/*!50503 SET NAMES utf8mb4 */;
/*!40103 SET @OLD_TIME_ZONE=@@TIME_ZONE */;
/*!40103 SET TIME_ZONE='+00:00' */;
/*!40014 SET @OLD_UNIQUE_CHECKS=@@UNIQUE_CHECKS, UNIQUE_CHECKS=0 */;
/*!40014 SET @OLD_FOREIGN_KEY_CHECKS=@@FOREIGN_KEY_CHECKS, FOREIGN_KEY_CHECKS=0 */;
/*!40101 SET @OLD_SQL_MODE=@@SQL_MODE, SQL_MODE='NO_AUTO_VALUE_ON_ZERO' */;
/*!40111 SET @OLD_SQL_NOTES=@@SQL_NOTES, SQL_NOTES=0 */;

--
-- Table structure for table `category_brand`
--

DROP TABLE IF EXISTS `category_brand`;
/*!40101 SET @saved_cs_client     = @@character_set_client */;
/*!50503 SET character_set_client = utf8mb4 */;
CREATE TABLE `category_brand` (
  `category_id` varchar(36) DEFAULT NULL,
  `brand_id` varchar(36) DEFAULT NULL,
  KEY `category_id` (`category_id`),
  KEY `brand_id` (`brand_id`),
  CONSTRAINT `category_brand_ibfk_1` FOREIGN KEY (`category_id`) REFERENCES `tbl_category` (`id`),
  CONSTRAINT `category_brand_ibfk_2` FOREIGN KEY (`brand_id`) REFERENCES `tbl_brand` (`id`)
) ENGINE=InnoDB DEFAULT CHARSET=utf8mb4 COLLATE=utf8mb4_0900_ai_ci;
/*!40101 SET character_set_client = @saved_cs_client */;

--
-- Dumping data for table `category_brand`
--

LOCK TABLES `category_brand` WRITE;
/*!40000 ALTER TABLE `category_brand` DISABLE KEYS */;
/*!40000 ALTER TABLE `category_brand` ENABLE KEYS */;
UNLOCK TABLES;

--
-- Table structure for table `payment`
--

DROP TABLE IF EXISTS `payment`;
/*!40101 SET @saved_cs_client     = @@character_set_client */;
/*!50503 SET character_set_client = utf8mb4 */;
CREATE TABLE `payment` (
  `payment_id` varchar(36) DEFAULT NULL,
  `transaction_id` varchar(36) DEFAULT NULL,
  KEY `payment_id` (`payment_id`),
  KEY `transaction_id` (`transaction_id`),
  CONSTRAINT `payment_ibfk_1` FOREIGN KEY (`payment_id`) REFERENCES `tbl_payment` (`id`),
  CONSTRAINT `payment_ibfk_2` FOREIGN KEY (`transaction_id`) REFERENCES `tbl_transaction` (`id`)
) ENGINE=InnoDB DEFAULT CHARSET=utf8mb4 COLLATE=utf8mb4_0900_ai_ci;
/*!40101 SET character_set_client = @saved_cs_client */;

--
-- Dumping data for table `payment`
--

LOCK TABLES `payment` WRITE;
/*!40000 ALTER TABLE `payment` DISABLE KEYS */;
/*!40000 ALTER TABLE `payment` ENABLE KEYS */;
UNLOCK TABLES;

--
-- Table structure for table `tbl_activity`
--

DROP TABLE IF EXISTS `tbl_activity`;
/*!40101 SET @saved_cs_client     = @@character_set_client */;
/*!50503 SET character_set_client = utf8mb4 */;
CREATE TABLE `tbl_activity` (
  `id` varchar(36) NOT NULL,
  `activity` text NOT NULL,
  `type` varchar(50) NOT NULL,
  `createdOn` datetime DEFAULT NULL,
  `createdBy` varchar(36) NOT NULL,
  PRIMARY KEY (`id`),
  KEY `createdBy` (`createdBy`),
  CONSTRAINT `tbl_activity_ibfk_1` FOREIGN KEY (`createdBy`) REFERENCES `tbl_user` (`id`)
) ENGINE=InnoDB DEFAULT CHARSET=utf8mb4 COLLATE=utf8mb4_0900_ai_ci;
/*!40101 SET character_set_client = @saved_cs_client */;

--
-- Dumping data for table `tbl_activity`
--

LOCK TABLES `tbl_activity` WRITE;
/*!40000 ALTER TABLE `tbl_activity` DISABLE KEYS */;
INSERT INTO `tbl_activity` VALUES ('06cc5cfb-0ffa-4036-bdf8-cca32c26173f','Admin has added property: Test in category មុខម្អូប','Add','2021-03-15 02:50:57','174084d3-74e4-495b-8e00-cb44eadcbf15'),('1e417530-63aa-43a4-87a3-bd3ba50bb7b1','Admin has added property: test in category មុខម្អូប','Add','2021-03-15 03:06:52','174084d3-74e4-495b-8e00-cb44eadcbf15'),('2250e6a1-1b95-4f1b-8850-23e8629c5e1a','Admin has deleted property: សាកល្បង in category','Delete','2021-03-15 03:05:54','174084d3-74e4-495b-8e00-cb44eadcbf15'),('346befc5-c8b7-43cd-8199-60eac33eb96a','Admin has deleted color: Test in product','Delete','2021-03-15 02:53:10','174084d3-74e4-495b-8e00-cb44eadcbf15'),('3a5633d4-0d9f-452d-8ae3-3541e51b7885','Admin has added product Coca Cola Original Taste','Add','2021-03-15 02:52:20','174084d3-74e4-495b-8e00-cb44eadcbf15'),('43a1ae86-a500-4c32-9bc2-b36136f7022e','Admin has added category: Beverage in category','Add','2021-03-15 02:50:20','174084d3-74e4-495b-8e00-cb44eadcbf15'),('4457a40b-b426-4203-9821-c7644a7b8eda','Admin has added role: Editor','Add','2021-03-15 02:57:54','174084d3-74e4-495b-8e00-cb44eadcbf15'),('4b73e9e5-6aa3-46d0-b183-895a9c219388','Admin has upload photo for color: Test','Upload','2021-03-15 02:53:00','174084d3-74e4-495b-8e00-cb44eadcbf15'),('50151238-3b73-4de0-a7c2-c91f440b4c61','Admin has upload photo for product: Bacon Burger','Upload','2021-03-15 02:55:01','174084d3-74e4-495b-8e00-cb44eadcbf15'),('5a4d256c-cb48-41d7-910a-9e3a9680e05c','Admin has added brand: Restaurant in brand','Add','2021-03-15 02:53:33','174084d3-74e4-495b-8e00-cb44eadcbf15'),('5bd35583-d849-45be-9c04-0046ea3d48e9','Admin has upload photo for product: Italy Spaghetti','Upload','2021-03-15 02:54:06','174084d3-74e4-495b-8e00-cb44eadcbf15'),('5c6265be-4af6-45c6-81fb-73a2744ea1e2','Admin has added property: Size in category មុខម្អូប','Add','2021-03-15 02:50:46','174084d3-74e4-495b-8e00-cb44eadcbf15'),('74da90a0-6997-4d06-a6cb-9f8a13724dcc','Admin has modified store from: Store Name//','Deleted','2021-03-15 02:55:48','174084d3-74e4-495b-8e00-cb44eadcbf15'),('76eb5c07-b555-424a-9fb4-25710415202d','Admin has added room: Room 10','Create','2021-03-15 02:56:22','174084d3-74e4-495b-8e00-cb44eadcbf15'),('823eba9d-1469-44fb-b730-d4b39c55d94c','Admin has created user: សាកល្បង','Created','2021-03-15 02:57:07','174084d3-74e4-495b-8e00-cb44eadcbf15'),('8af54bea-c7c6-41e9-b499-711d0902b676','Admin has added category: Food in category','Add','2021-03-15 02:50:22','174084d3-74e4-495b-8e00-cb44eadcbf15'),('8b318647-9c1d-4b11-b569-d70e3644deba','Admin has added floor: 1F','Create','2021-03-15 02:56:14','174084d3-74e4-495b-8e00-cb44eadcbf15'),('94d14d5e-579d-4efd-a2c6-86244ecbad89','Admin has added room: Room 2','Create','2021-03-15 02:56:08','174084d3-74e4-495b-8e00-cb44eadcbf15'),('9dd8abfb-a9da-4687-b7ae-dd68827b5ec4','Admin has modified product from Coca Cola Original Taste//True/dollar/0.50///None/Beverage','Modify','2021-03-15 02:53:21','174084d3-74e4-495b-8e00-cb44eadcbf15'),('a0e4aad2-28e5-413f-a17f-d63ed634e368','Admin has modified theme from dark','Modify','2021-03-15 02:48:04','174084d3-74e4-495b-8e00-cb44eadcbf15'),('a593c7a3-5076-49a9-8bcb-c1db5395b85c','Admin has modified property from Test/text/','Modify','2021-03-15 02:51:05','174084d3-74e4-495b-8e00-cb44eadcbf15'),('a726d0d6-ab5a-4636-a59c-e07d0d127b65','Admin has added value Normal in product','Add','2021-03-15 02:54:18','174084d3-74e4-495b-8e00-cb44eadcbf15'),('a7acee2c-7056-4dd8-bf4a-8d7fe613c9df','Admin has toggle room: Room 2from Close','Toggle','2021-03-15 02:56:35','174084d3-74e4-495b-8e00-cb44eadcbf15'),('a9c8b1eb-b31f-4a07-8bea-f2f126e57422','Admin has added product Bacon Burger','Add','2021-03-15 02:54:57','174084d3-74e4-495b-8e00-cb44eadcbf15'),('a9db27b1-827d-47b8-87f9-9ea3ee615acb','Admin has logged in','Login','2021-03-14 15:20:19','174084d3-74e4-495b-8e00-cb44eadcbf15'),('af5b4496-38b5-4fa4-9fba-aa54e3759c49','Admin has added product Italy Spaghetti','Add','2021-03-15 02:54:01','174084d3-74e4-495b-8e00-cb44eadcbf15'),('b238c6a0-5427-4e2b-a65a-83f3240c7ba9','Admin has deleted property: test in category','Delete','2021-03-15 03:07:13','174084d3-74e4-495b-8e00-cb44eadcbf15'),('c52f88aa-2339-4ba9-87a1-7a9f2041ec5a','Admin has added color Test in product','Add','2021-03-15 02:52:48','174084d3-74e4-495b-8e00-cb44eadcbf15'),('c9c6b705-174b-4dda-808c-591a515e8aa2','Admin has logged in','Login','2021-03-15 02:47:51','174084d3-74e4-495b-8e00-cb44eadcbf15'),('caa00c43-bc6e-40f6-a905-a636685dd075','Admin has uploaded his profile picture ','Modify','2021-03-15 02:49:49','174084d3-74e4-495b-8e00-cb44eadcbf15'),('d1a6dfe8-fff3-4019-a7bb-21219f11fd98','Admin has modified theme from green','Modify','2021-03-15 02:48:07','174084d3-74e4-495b-8e00-cb44eadcbf15'),('d2c00da1-3482-4ea3-bfe9-af3ea6f472c3','Admin has added value Double in product','Add','2021-03-15 02:54:24','174084d3-74e4-495b-8e00-cb44eadcbf15'),('d97f5738-bf4b-4534-b871-d42444cfdb70','Admin has toggle room: Room 2from Open','Toggle','2021-03-15 02:56:33','174084d3-74e4-495b-8e00-cb44eadcbf15'),('de751055-7ad1-4795-b160-16253f9115ec','Admin has modified user: សាកល្បង','Modify','2021-03-15 02:58:10','174084d3-74e4-495b-8e00-cb44eadcbf15'),('e03a60e8-3c18-4528-8987-78d97023bf81','Admin has added brand: Coca Cola in brand','Add','2021-03-15 02:51:26','174084d3-74e4-495b-8e00-cb44eadcbf15'),('e69004fe-a26f-4ceb-bb5c-8143dc83ffb6','Admin has upload photo for product: Coca Cola Original Taste','Upload','2021-03-15 02:52:33','174084d3-74e4-495b-8e00-cb44eadcbf15'),('e6d6522c-41df-43de-bac4-35c9b2864263','Admin has modified theme from light','Modify','2021-03-15 02:48:01','174084d3-74e4-495b-8e00-cb44eadcbf15'),('f15f48f6-5867-45d7-a41e-c60387bb6017','Admin has added value test in product','Add','2021-03-15 03:07:06','174084d3-74e4-495b-8e00-cb44eadcbf15'),('f3003fde-bc41-4dd5-b138-ed0434513882','Admin has modified category from Food','Modify','2021-03-15 02:50:34','174084d3-74e4-495b-8e00-cb44eadcbf15'),('fea9d74a-f032-4f5e-a7a0-b3d31b35476d','Admin has added room: Room 1','Create','2021-03-15 02:56:04','174084d3-74e4-495b-8e00-cb44eadcbf15');
/*!40000 ALTER TABLE `tbl_activity` ENABLE KEYS */;
UNLOCK TABLES;

--
-- Table structure for table `tbl_advertise`
--

DROP TABLE IF EXISTS `tbl_advertise`;
/*!40101 SET @saved_cs_client     = @@character_set_client */;
/*!50503 SET character_set_client = utf8mb4 */;
CREATE TABLE `tbl_advertise` (
  `id` varchar(36) NOT NULL,
  `src` varchar(255) NOT NULL,
  `alt` varchar(50) DEFAULT NULL,
  `main` tinyint(1) DEFAULT NULL,
  `createdOn` datetime DEFAULT NULL,
  `createdBy` varchar(36) NOT NULL,
  PRIMARY KEY (`id`),
  KEY `createdBy` (`createdBy`),
  CONSTRAINT `tbl_advertise_ibfk_1` FOREIGN KEY (`createdBy`) REFERENCES `tbl_user` (`id`),
  CONSTRAINT `tbl_advertise_chk_1` CHECK ((`main` in (0,1)))
) ENGINE=InnoDB DEFAULT CHARSET=utf8mb4 COLLATE=utf8mb4_0900_ai_ci;
/*!40101 SET character_set_client = @saved_cs_client */;

--
-- Dumping data for table `tbl_advertise`
--

LOCK TABLES `tbl_advertise` WRITE;
/*!40000 ALTER TABLE `tbl_advertise` DISABLE KEYS */;
/*!40000 ALTER TABLE `tbl_advertise` ENABLE KEYS */;
UNLOCK TABLES;

--
-- Table structure for table `tbl_appearance`
--

DROP TABLE IF EXISTS `tbl_appearance`;
/*!40101 SET @saved_cs_client     = @@character_set_client */;
/*!50503 SET character_set_client = utf8mb4 */;
CREATE TABLE `tbl_appearance` (
  `id` varchar(36) NOT NULL,
  `width` varchar(50) DEFAULT NULL,
  `height` varchar(50) DEFAULT NULL,
  `weight` varchar(50) DEFAULT NULL,
  `depth` varchar(50) DEFAULT NULL,
  `material` varchar(50) DEFAULT NULL,
  `productId` varchar(36) NOT NULL,
  PRIMARY KEY (`id`),
  KEY `productId` (`productId`),
  CONSTRAINT `tbl_appearance_ibfk_1` FOREIGN KEY (`productId`) REFERENCES `tbl_product` (`id`)
) ENGINE=InnoDB DEFAULT CHARSET=utf8mb4 COLLATE=utf8mb4_0900_ai_ci;
/*!40101 SET character_set_client = @saved_cs_client */;

--
-- Dumping data for table `tbl_appearance`
--

LOCK TABLES `tbl_appearance` WRITE;
/*!40000 ALTER TABLE `tbl_appearance` DISABLE KEYS */;
INSERT INTO `tbl_appearance` VALUES ('117eeefe-c5eb-4939-94d0-118c0895813f','','','','','','09ac3dac-4efc-43ab-9418-37d10b29e521'),('2be948e1-baf0-40de-a8e5-7c7c7bcd875d','','','','','','075f910a-493d-439b-bd85-83ad657945bd'),('87f9df4d-a5b1-48ff-b1bd-c91d125722b1','','','','','','7193fd0e-b965-48ab-8d67-2425ada7f1d8');
/*!40000 ALTER TABLE `tbl_appearance` ENABLE KEYS */;
UNLOCK TABLES;

--
-- Table structure for table `tbl_brand`
--

DROP TABLE IF EXISTS `tbl_brand`;
/*!40101 SET @saved_cs_client     = @@character_set_client */;
/*!50503 SET character_set_client = utf8mb4 */;
CREATE TABLE `tbl_brand` (
  `id` varchar(36) NOT NULL,
  `brand` varchar(20) NOT NULL,
  `description` text,
  `createdOn` datetime DEFAULT NULL,
  `createdBy` varchar(36) NOT NULL,
  PRIMARY KEY (`id`),
  UNIQUE KEY `brand` (`brand`),
  KEY `createdBy` (`createdBy`),
  CONSTRAINT `tbl_brand_ibfk_1` FOREIGN KEY (`createdBy`) REFERENCES `tbl_user` (`id`)
) ENGINE=InnoDB DEFAULT CHARSET=utf8mb4 COLLATE=utf8mb4_0900_ai_ci;
/*!40101 SET character_set_client = @saved_cs_client */;

--
-- Dumping data for table `tbl_brand`
--

LOCK TABLES `tbl_brand` WRITE;
/*!40000 ALTER TABLE `tbl_brand` DISABLE KEYS */;
INSERT INTO `tbl_brand` VALUES ('a6ab4a06-c053-47f0-ba02-3bb254a920c5','Restaurant','','2021-03-15 02:53:33','174084d3-74e4-495b-8e00-cb44eadcbf15'),('f0bd70a1-9bd5-4754-8c00-a60e4166512f','Coca Cola','','2021-03-15 02:51:26','174084d3-74e4-495b-8e00-cb44eadcbf15');
/*!40000 ALTER TABLE `tbl_brand` ENABLE KEYS */;
UNLOCK TABLES;

--
-- Table structure for table `tbl_category`
--

DROP TABLE IF EXISTS `tbl_category`;
/*!40101 SET @saved_cs_client     = @@character_set_client */;
/*!50503 SET character_set_client = utf8mb4 */;
CREATE TABLE `tbl_category` (
  `id` varchar(36) NOT NULL,
  `category` varchar(50) NOT NULL,
  `photo` varchar(255) DEFAULT NULL,
  `description` text,
  `createdOn` datetime DEFAULT NULL,
  `createdBy` varchar(36) NOT NULL,
  PRIMARY KEY (`id`),
  UNIQUE KEY `category` (`category`),
  KEY `createdBy` (`createdBy`),
  CONSTRAINT `tbl_category_ibfk_1` FOREIGN KEY (`createdBy`) REFERENCES `tbl_user` (`id`)
) ENGINE=InnoDB DEFAULT CHARSET=utf8mb4 COLLATE=utf8mb4_0900_ai_ci;
/*!40101 SET character_set_client = @saved_cs_client */;

--
-- Dumping data for table `tbl_category`
--

LOCK TABLES `tbl_category` WRITE;
/*!40000 ALTER TABLE `tbl_category` DISABLE KEYS */;
INSERT INTO `tbl_category` VALUES ('38588f1f-f7d7-4c46-867b-cc23f20cafe5','Beverage','default.png','','2021-03-15 02:50:20','174084d3-74e4-495b-8e00-cb44eadcbf15'),('dcb18c1b-6b54-45c1-951c-3168aa36d0b8','មុខម្អូប','default.png','','2021-03-15 02:50:22','174084d3-74e4-495b-8e00-cb44eadcbf15');
/*!40000 ALTER TABLE `tbl_category` ENABLE KEYS */;
UNLOCK TABLES;

--
-- Table structure for table `tbl_checkin`
--

DROP TABLE IF EXISTS `tbl_checkin`;
/*!40101 SET @saved_cs_client     = @@character_set_client */;
/*!50503 SET character_set_client = utf8mb4 */;
CREATE TABLE `tbl_checkin` (
  `id` varchar(36) NOT NULL,
  `startedOn` datetime DEFAULT NULL,
  `createdBy` varchar(36) NOT NULL,
  `createdOn` datetime DEFAULT NULL,
  `orderId` varchar(36) NOT NULL,
  `paymentId` varchar(36) NOT NULL,
  PRIMARY KEY (`id`),
  KEY `createdBy` (`createdBy`),
  KEY `orderId` (`orderId`),
  KEY `paymentId` (`paymentId`),
  CONSTRAINT `tbl_checkin_ibfk_1` FOREIGN KEY (`createdBy`) REFERENCES `tbl_user` (`id`),
  CONSTRAINT `tbl_checkin_ibfk_2` FOREIGN KEY (`orderId`) REFERENCES `tbl_order` (`id`),
  CONSTRAINT `tbl_checkin_ibfk_3` FOREIGN KEY (`paymentId`) REFERENCES `tbl_payment` (`id`)
) ENGINE=InnoDB DEFAULT CHARSET=utf8mb4 COLLATE=utf8mb4_0900_ai_ci;
/*!40101 SET character_set_client = @saved_cs_client */;

--
-- Dumping data for table `tbl_checkin`
--

LOCK TABLES `tbl_checkin` WRITE;
/*!40000 ALTER TABLE `tbl_checkin` DISABLE KEYS */;
/*!40000 ALTER TABLE `tbl_checkin` ENABLE KEYS */;
UNLOCK TABLES;

--
-- Table structure for table `tbl_checkout`
--

DROP TABLE IF EXISTS `tbl_checkout`;
/*!40101 SET @saved_cs_client     = @@character_set_client */;
/*!50503 SET character_set_client = utf8mb4 */;
CREATE TABLE `tbl_checkout` (
  `id` varchar(36) NOT NULL,
  `endedOn` datetime DEFAULT NULL,
  `totalHour` decimal(10,0) DEFAULT NULL,
  `createdBy` varchar(36) NOT NULL,
  `createdOn` datetime DEFAULT NULL,
  `orderId` varchar(36) NOT NULL,
  PRIMARY KEY (`id`),
  KEY `createdBy` (`createdBy`),
  KEY `orderId` (`orderId`),
  CONSTRAINT `tbl_checkout_ibfk_1` FOREIGN KEY (`createdBy`) REFERENCES `tbl_user` (`id`),
  CONSTRAINT `tbl_checkout_ibfk_2` FOREIGN KEY (`orderId`) REFERENCES `tbl_order` (`id`)
) ENGINE=InnoDB DEFAULT CHARSET=utf8mb4 COLLATE=utf8mb4_0900_ai_ci;
/*!40101 SET character_set_client = @saved_cs_client */;

--
-- Dumping data for table `tbl_checkout`
--

LOCK TABLES `tbl_checkout` WRITE;
/*!40000 ALTER TABLE `tbl_checkout` DISABLE KEYS */;
/*!40000 ALTER TABLE `tbl_checkout` ENABLE KEYS */;
UNLOCK TABLES;

--
-- Table structure for table `tbl_color`
--

DROP TABLE IF EXISTS `tbl_color`;
/*!40101 SET @saved_cs_client     = @@character_set_client */;
/*!50503 SET character_set_client = utf8mb4 */;
CREATE TABLE `tbl_color` (
  `id` varchar(36) NOT NULL,
  `color` varchar(20) NOT NULL,
  `hex` varchar(100) DEFAULT NULL,
  `price` decimal(10,2) DEFAULT NULL,
  `createdOn` datetime DEFAULT NULL,
  `createdBy` varchar(36) NOT NULL,
  `productId` varchar(36) NOT NULL,
  PRIMARY KEY (`id`),
  KEY `createdBy` (`createdBy`),
  KEY `productId` (`productId`),
  CONSTRAINT `tbl_color_ibfk_1` FOREIGN KEY (`createdBy`) REFERENCES `tbl_user` (`id`),
  CONSTRAINT `tbl_color_ibfk_2` FOREIGN KEY (`productId`) REFERENCES `tbl_product` (`id`)
) ENGINE=InnoDB DEFAULT CHARSET=utf8mb4 COLLATE=utf8mb4_0900_ai_ci;
/*!40101 SET character_set_client = @saved_cs_client */;

--
-- Dumping data for table `tbl_color`
--

LOCK TABLES `tbl_color` WRITE;
/*!40000 ALTER TABLE `tbl_color` DISABLE KEYS */;
/*!40000 ALTER TABLE `tbl_color` ENABLE KEYS */;
UNLOCK TABLES;

--
-- Table structure for table `tbl_customer`
--

DROP TABLE IF EXISTS `tbl_customer`;
/*!40101 SET @saved_cs_client     = @@character_set_client */;
/*!50503 SET character_set_client = utf8mb4 */;
CREATE TABLE `tbl_customer` (
  `id` varchar(36) NOT NULL,
  `name` varchar(20) DEFAULT NULL,
  `birthdate` date DEFAULT NULL,
  `phone` varchar(20) DEFAULT NULL,
  `createdOn` datetime DEFAULT NULL,
  `createdBy` varchar(36) NOT NULL,
  PRIMARY KEY (`id`),
  KEY `createdBy` (`createdBy`),
  CONSTRAINT `tbl_customer_ibfk_1` FOREIGN KEY (`createdBy`) REFERENCES `tbl_user` (`id`)
) ENGINE=InnoDB DEFAULT CHARSET=utf8mb4 COLLATE=utf8mb4_0900_ai_ci;
/*!40101 SET character_set_client = @saved_cs_client */;

--
-- Dumping data for table `tbl_customer`
--

LOCK TABLES `tbl_customer` WRITE;
/*!40000 ALTER TABLE `tbl_customer` DISABLE KEYS */;
/*!40000 ALTER TABLE `tbl_customer` ENABLE KEYS */;
UNLOCK TABLES;

--
-- Table structure for table `tbl_drawer`
--

DROP TABLE IF EXISTS `tbl_drawer`;
/*!40101 SET @saved_cs_client     = @@character_set_client */;
/*!50503 SET character_set_client = utf8mb4 */;
CREATE TABLE `tbl_drawer` (
  `id` varchar(36) NOT NULL,
  `key` varchar(36) DEFAULT NULL,
  `rate` decimal(10,2) DEFAULT NULL,
  `counter` varchar(50) DEFAULT NULL,
  `startCost` decimal(10,2) DEFAULT NULL,
  `startedOn` datetime DEFAULT NULL,
  `endedOn` datetime DEFAULT NULL,
  `createdBy` varchar(36) NOT NULL,
  PRIMARY KEY (`id`),
  KEY `createdBy` (`createdBy`),
  CONSTRAINT `tbl_drawer_ibfk_1` FOREIGN KEY (`createdBy`) REFERENCES `tbl_user` (`id`)
) ENGINE=InnoDB DEFAULT CHARSET=utf8mb4 COLLATE=utf8mb4_0900_ai_ci;
/*!40101 SET character_set_client = @saved_cs_client */;

--
-- Dumping data for table `tbl_drawer`
--

LOCK TABLES `tbl_drawer` WRITE;
/*!40000 ALTER TABLE `tbl_drawer` DISABLE KEYS */;
/*!40000 ALTER TABLE `tbl_drawer` ENABLE KEYS */;
UNLOCK TABLES;

--
-- Table structure for table `tbl_floor`
--

DROP TABLE IF EXISTS `tbl_floor`;
/*!40101 SET @saved_cs_client     = @@character_set_client */;
/*!50503 SET character_set_client = utf8mb4 */;
CREATE TABLE `tbl_floor` (
  `id` varchar(36) NOT NULL,
  `floor` varchar(20) NOT NULL,
  `createdOn` datetime DEFAULT NULL,
  `storeId` varchar(36) NOT NULL,
  PRIMARY KEY (`id`),
  KEY `storeId` (`storeId`),
  CONSTRAINT `tbl_floor_ibfk_1` FOREIGN KEY (`storeId`) REFERENCES `tbl_store` (`id`)
) ENGINE=InnoDB DEFAULT CHARSET=utf8mb4 COLLATE=utf8mb4_0900_ai_ci;
/*!40101 SET character_set_client = @saved_cs_client */;

--
-- Dumping data for table `tbl_floor`
--

LOCK TABLES `tbl_floor` WRITE;
/*!40000 ALTER TABLE `tbl_floor` DISABLE KEYS */;
INSERT INTO `tbl_floor` VALUES ('436f239c-9d00-46ef-bb8d-b39ffb7944ee','Ground Floor','2021-03-14 15:20:10','c3cb5134-a51e-450a-835f-dd59c9d42cfe'),('45018f57-6d4b-431f-a64f-09aec79a03e9','1F','2021-03-15 02:56:14','c3cb5134-a51e-450a-835f-dd59c9d42cfe');
/*!40000 ALTER TABLE `tbl_floor` ENABLE KEYS */;
UNLOCK TABLES;

--
-- Table structure for table `tbl_money`
--

DROP TABLE IF EXISTS `tbl_money`;
/*!40101 SET @saved_cs_client     = @@character_set_client */;
/*!50503 SET character_set_client = utf8mb4 */;
CREATE TABLE `tbl_money` (
  `id` varchar(36) NOT NULL,
  `money` decimal(10,0) DEFAULT NULL,
  `currency` varchar(20) NOT NULL,
  `value` decimal(10,5) DEFAULT NULL,
  `unit` decimal(10,0) DEFAULT NULL,
  `drawerId` varchar(36) NOT NULL,
  PRIMARY KEY (`id`),
  KEY `drawerId` (`drawerId`),
  CONSTRAINT `tbl_money_ibfk_1` FOREIGN KEY (`drawerId`) REFERENCES `tbl_drawer` (`id`)
) ENGINE=InnoDB DEFAULT CHARSET=utf8mb4 COLLATE=utf8mb4_0900_ai_ci;
/*!40101 SET character_set_client = @saved_cs_client */;

--
-- Dumping data for table `tbl_money`
--

LOCK TABLES `tbl_money` WRITE;
/*!40000 ALTER TABLE `tbl_money` DISABLE KEYS */;
/*!40000 ALTER TABLE `tbl_money` ENABLE KEYS */;
UNLOCK TABLES;

--
-- Table structure for table `tbl_order`
--

DROP TABLE IF EXISTS `tbl_order`;
/*!40101 SET @saved_cs_client     = @@character_set_client */;
/*!50503 SET character_set_client = utf8mb4 */;
CREATE TABLE `tbl_order` (
  `id` varchar(36) NOT NULL,
  `isCompleted` tinyint(1) DEFAULT NULL,
  `isProcessed` tinyint(1) DEFAULT NULL,
  `orderOn` datetime DEFAULT NULL,
  `orderTo` datetime DEFAULT NULL,
  `roomId` varchar(36) NOT NULL,
  `orderedBy` varchar(36) NOT NULL,
  `createdBy` varchar(36) NOT NULL,
  `createdOn` datetime DEFAULT NULL,
  PRIMARY KEY (`id`),
  KEY `roomId` (`roomId`),
  KEY `orderedBy` (`orderedBy`),
  KEY `createdBy` (`createdBy`),
  CONSTRAINT `tbl_order_ibfk_1` FOREIGN KEY (`roomId`) REFERENCES `tbl_room` (`id`),
  CONSTRAINT `tbl_order_ibfk_2` FOREIGN KEY (`orderedBy`) REFERENCES `tbl_customer` (`id`),
  CONSTRAINT `tbl_order_ibfk_3` FOREIGN KEY (`createdBy`) REFERENCES `tbl_user` (`id`),
  CONSTRAINT `tbl_order_chk_1` CHECK ((`isCompleted` in (0,1))),
  CONSTRAINT `tbl_order_chk_2` CHECK ((`isProcessed` in (0,1)))
) ENGINE=InnoDB DEFAULT CHARSET=utf8mb4 COLLATE=utf8mb4_0900_ai_ci;
/*!40101 SET character_set_client = @saved_cs_client */;

--
-- Dumping data for table `tbl_order`
--

LOCK TABLES `tbl_order` WRITE;
/*!40000 ALTER TABLE `tbl_order` DISABLE KEYS */;
/*!40000 ALTER TABLE `tbl_order` ENABLE KEYS */;
UNLOCK TABLES;

--
-- Table structure for table `tbl_outcome`
--

DROP TABLE IF EXISTS `tbl_outcome`;
/*!40101 SET @saved_cs_client     = @@character_set_client */;
/*!50503 SET character_set_client = utf8mb4 */;
CREATE TABLE `tbl_outcome` (
  `id` varchar(36) NOT NULL,
  `isStock` tinyint(1) DEFAULT NULL,
  `description` text,
  `amount` decimal(10,2) DEFAULT NULL,
  `createdOn` datetime DEFAULT NULL,
  `createdBy` varchar(36) NOT NULL,
  PRIMARY KEY (`id`),
  KEY `createdBy` (`createdBy`),
  CONSTRAINT `tbl_outcome_ibfk_1` FOREIGN KEY (`createdBy`) REFERENCES `tbl_user` (`id`),
  CONSTRAINT `tbl_outcome_chk_1` CHECK ((`isStock` in (0,1)))
) ENGINE=InnoDB DEFAULT CHARSET=utf8mb4 COLLATE=utf8mb4_0900_ai_ci;
/*!40101 SET character_set_client = @saved_cs_client */;

--
-- Dumping data for table `tbl_outcome`
--

LOCK TABLES `tbl_outcome` WRITE;
/*!40000 ALTER TABLE `tbl_outcome` DISABLE KEYS */;
/*!40000 ALTER TABLE `tbl_outcome` ENABLE KEYS */;
UNLOCK TABLES;

--
-- Table structure for table `tbl_payment`
--

DROP TABLE IF EXISTS `tbl_payment`;
/*!40101 SET @saved_cs_client     = @@character_set_client */;
/*!50503 SET character_set_client = utf8mb4 */;
CREATE TABLE `tbl_payment` (
  `id` varchar(36) NOT NULL,
  `isComplete` tinyint(1) DEFAULT NULL,
  `invoice` varchar(20) DEFAULT NULL,
  `amount` decimal(10,2) DEFAULT NULL,
  `receive` decimal(10,2) DEFAULT NULL,
  `rate` decimal(10,2) DEFAULT NULL,
  `change` decimal(10,2) DEFAULT NULL,
  `createdOn` datetime DEFAULT NULL,
  `createdBy` varchar(36) NOT NULL,
  `drawerId` varchar(36) NOT NULL,
  PRIMARY KEY (`id`),
  KEY `createdBy` (`createdBy`),
  KEY `drawerId` (`drawerId`),
  CONSTRAINT `tbl_payment_ibfk_1` FOREIGN KEY (`createdBy`) REFERENCES `tbl_user` (`id`),
  CONSTRAINT `tbl_payment_ibfk_2` FOREIGN KEY (`drawerId`) REFERENCES `tbl_drawer` (`id`),
  CONSTRAINT `tbl_payment_chk_1` CHECK ((`isComplete` in (0,1)))
) ENGINE=InnoDB DEFAULT CHARSET=utf8mb4 COLLATE=utf8mb4_0900_ai_ci;
/*!40101 SET character_set_client = @saved_cs_client */;

--
-- Dumping data for table `tbl_payment`
--

LOCK TABLES `tbl_payment` WRITE;
/*!40000 ALTER TABLE `tbl_payment` DISABLE KEYS */;
/*!40000 ALTER TABLE `tbl_payment` ENABLE KEYS */;
UNLOCK TABLES;

--
-- Table structure for table `tbl_photo`
--

DROP TABLE IF EXISTS `tbl_photo`;
/*!40101 SET @saved_cs_client     = @@character_set_client */;
/*!50503 SET character_set_client = utf8mb4 */;
CREATE TABLE `tbl_photo` (
  `id` varchar(36) NOT NULL,
  `src` varchar(255) DEFAULT NULL,
  `alt` varchar(50) DEFAULT NULL,
  `createdOn` datetime DEFAULT NULL,
  `createdBy` varchar(36) NOT NULL,
  `productId` varchar(36) NOT NULL,
  `colorId` varchar(36) NOT NULL,
  PRIMARY KEY (`id`),
  KEY `createdBy` (`createdBy`),
  KEY `productId` (`productId`),
  KEY `colorId` (`colorId`),
  CONSTRAINT `tbl_photo_ibfk_1` FOREIGN KEY (`createdBy`) REFERENCES `tbl_user` (`id`),
  CONSTRAINT `tbl_photo_ibfk_2` FOREIGN KEY (`productId`) REFERENCES `tbl_product` (`id`),
  CONSTRAINT `tbl_photo_ibfk_3` FOREIGN KEY (`colorId`) REFERENCES `tbl_color` (`id`)
) ENGINE=InnoDB DEFAULT CHARSET=utf8mb4 COLLATE=utf8mb4_0900_ai_ci;
/*!40101 SET character_set_client = @saved_cs_client */;

--
-- Dumping data for table `tbl_photo`
--

LOCK TABLES `tbl_photo` WRITE;
/*!40000 ALTER TABLE `tbl_photo` DISABLE KEYS */;
/*!40000 ALTER TABLE `tbl_photo` ENABLE KEYS */;
UNLOCK TABLES;

--
-- Table structure for table `tbl_product`
--

DROP TABLE IF EXISTS `tbl_product`;
/*!40101 SET @saved_cs_client     = @@character_set_client */;
/*!50503 SET character_set_client = utf8mb4 */;
CREATE TABLE `tbl_product` (
  `id` varchar(36) NOT NULL,
  `product` varchar(50) NOT NULL,
  `barcode` varchar(30) DEFAULT NULL,
  `isStock` tinyint(1) DEFAULT NULL,
  `price` decimal(10,2) DEFAULT NULL,
  `currency` varchar(20) NOT NULL,
  `discount` varchar(3) DEFAULT NULL,
  `period` date DEFAULT NULL,
  `photo` varchar(255) DEFAULT NULL,
  `description` text,
  `listFavorite` text,
  `createdOn` datetime DEFAULT NULL,
  `createdBy` varchar(36) NOT NULL,
  `brandId` varchar(36) NOT NULL,
  `categoryId` varchar(36) NOT NULL,
  PRIMARY KEY (`id`),
  KEY `createdBy` (`createdBy`),
  KEY `brandId` (`brandId`),
  KEY `categoryId` (`categoryId`),
  CONSTRAINT `tbl_product_ibfk_1` FOREIGN KEY (`createdBy`) REFERENCES `tbl_user` (`id`),
  CONSTRAINT `tbl_product_ibfk_2` FOREIGN KEY (`brandId`) REFERENCES `tbl_brand` (`id`),
  CONSTRAINT `tbl_product_ibfk_3` FOREIGN KEY (`categoryId`) REFERENCES `tbl_category` (`id`),
  CONSTRAINT `tbl_product_chk_1` CHECK ((`isStock` in (0,1)))
) ENGINE=InnoDB DEFAULT CHARSET=utf8mb4 COLLATE=utf8mb4_0900_ai_ci;
/*!40101 SET character_set_client = @saved_cs_client */;

--
-- Dumping data for table `tbl_product`
--

LOCK TABLES `tbl_product` WRITE;
/*!40000 ALTER TABLE `tbl_product` DISABLE KEYS */;
INSERT INTO `tbl_product` VALUES ('075f910a-493d-439b-bd85-83ad657945bd','Coca Cola Original Taste','',1,0.50,'dollar','20',NULL,'ea5290fb-1607-497f-bb87-39413d7aee3a.jpeg','','[]','2021-03-15 02:52:20','174084d3-74e4-495b-8e00-cb44eadcbf15','f0bd70a1-9bd5-4754-8c00-a60e4166512f','38588f1f-f7d7-4c46-867b-cc23f20cafe5'),('09ac3dac-4efc-43ab-9418-37d10b29e521','Bacon Burger','',1,3.00,'dollar','',NULL,'9ef79108-d6eb-43b6-9943-57c94c311ca0.png','','[]','2021-03-15 02:54:57','174084d3-74e4-495b-8e00-cb44eadcbf15','a6ab4a06-c053-47f0-ba02-3bb254a920c5','dcb18c1b-6b54-45c1-951c-3168aa36d0b8'),('7193fd0e-b965-48ab-8d67-2425ada7f1d8','Italy Spaghetti','',1,3.00,'dollar','',NULL,'906df27b-8f6b-496e-8117-84b816678087.png','','[]','2021-03-15 02:54:01','174084d3-74e4-495b-8e00-cb44eadcbf15','a6ab4a06-c053-47f0-ba02-3bb254a920c5','dcb18c1b-6b54-45c1-951c-3168aa36d0b8');
/*!40000 ALTER TABLE `tbl_product` ENABLE KEYS */;
UNLOCK TABLES;

--
-- Table structure for table `tbl_profile`
--

DROP TABLE IF EXISTS `tbl_profile`;
/*!40101 SET @saved_cs_client     = @@character_set_client */;
/*!50503 SET character_set_client = utf8mb4 */;
CREATE TABLE `tbl_profile` (
  `id` varchar(36) NOT NULL,
  `photo` varchar(255) DEFAULT NULL,
  `status` varchar(20) DEFAULT NULL,
  `phone` varchar(13) DEFAULT NULL,
  `company` varchar(20) DEFAULT NULL,
  `hometown` varchar(255) DEFAULT NULL,
  `location` varchar(255) DEFAULT NULL,
  `bio` text,
  `createdOn` datetime DEFAULT NULL,
  `createdBy` varchar(36) NOT NULL,
  PRIMARY KEY (`id`),
  KEY `createdBy` (`createdBy`),
  CONSTRAINT `tbl_profile_ibfk_1` FOREIGN KEY (`createdBy`) REFERENCES `tbl_user` (`id`)
) ENGINE=InnoDB DEFAULT CHARSET=utf8mb4 COLLATE=utf8mb4_0900_ai_ci;
/*!40101 SET character_set_client = @saved_cs_client */;

--
-- Dumping data for table `tbl_profile`
--

LOCK TABLES `tbl_profile` WRITE;
/*!40000 ALTER TABLE `tbl_profile` DISABLE KEYS */;
INSERT INTO `tbl_profile` VALUES ('562e4627-324d-441a-9b76-a2d679f7428b','default.png','','','','','','','2021-03-15 02:57:07','08817674-9ad5-4153-b9a7-bce502463f8f'),('96ad051c-71b8-41c0-bda6-b74c578eaede','035b5ddb-a0a9-49a9-b1e3-7f1f0216f601.jpg','Single','','','','','','2021-03-14 15:20:10','174084d3-74e4-495b-8e00-cb44eadcbf15');
/*!40000 ALTER TABLE `tbl_profile` ENABLE KEYS */;
UNLOCK TABLES;

--
-- Table structure for table `tbl_property`
--

DROP TABLE IF EXISTS `tbl_property`;
/*!40101 SET @saved_cs_client     = @@character_set_client */;
/*!50503 SET character_set_client = utf8mb4 */;
CREATE TABLE `tbl_property` (
  `id` varchar(36) NOT NULL,
  `property` varchar(50) NOT NULL,
  `type` varchar(50) NOT NULL,
  `description` text,
  `createdOn` datetime DEFAULT NULL,
  `createdBy` varchar(36) NOT NULL,
  `categoryId` varchar(36) NOT NULL,
  PRIMARY KEY (`id`),
  KEY `createdBy` (`createdBy`),
  KEY `categoryId` (`categoryId`),
  CONSTRAINT `tbl_property_ibfk_1` FOREIGN KEY (`createdBy`) REFERENCES `tbl_user` (`id`),
  CONSTRAINT `tbl_property_ibfk_2` FOREIGN KEY (`categoryId`) REFERENCES `tbl_category` (`id`)
) ENGINE=InnoDB DEFAULT CHARSET=utf8mb4 COLLATE=utf8mb4_0900_ai_ci;
/*!40101 SET character_set_client = @saved_cs_client */;

--
-- Dumping data for table `tbl_property`
--

LOCK TABLES `tbl_property` WRITE;
/*!40000 ALTER TABLE `tbl_property` DISABLE KEYS */;
INSERT INTO `tbl_property` VALUES ('00de8d52-ee16-454f-bf2a-a9906bd94d25','Size','text','','2021-03-15 02:50:46','174084d3-74e4-495b-8e00-cb44eadcbf15','dcb18c1b-6b54-45c1-951c-3168aa36d0b8');
/*!40000 ALTER TABLE `tbl_property` ENABLE KEYS */;
UNLOCK TABLES;

--
-- Table structure for table `tbl_quantity`
--

DROP TABLE IF EXISTS `tbl_quantity`;
/*!40101 SET @saved_cs_client     = @@character_set_client */;
/*!50503 SET character_set_client = utf8mb4 */;
CREATE TABLE `tbl_quantity` (
  `id` varchar(36) NOT NULL,
  `stock` decimal(10,0) DEFAULT NULL,
  `quantity` decimal(10,0) DEFAULT NULL,
  `stockId` varchar(36) NOT NULL,
  `transactionId` varchar(36) NOT NULL,
  PRIMARY KEY (`id`),
  KEY `stockId` (`stockId`),
  KEY `transactionId` (`transactionId`),
  CONSTRAINT `tbl_quantity_ibfk_1` FOREIGN KEY (`stockId`) REFERENCES `tbl_stock` (`id`),
  CONSTRAINT `tbl_quantity_ibfk_2` FOREIGN KEY (`transactionId`) REFERENCES `tbl_transaction` (`id`)
) ENGINE=InnoDB DEFAULT CHARSET=utf8mb4 COLLATE=utf8mb4_0900_ai_ci;
/*!40101 SET character_set_client = @saved_cs_client */;

--
-- Dumping data for table `tbl_quantity`
--

LOCK TABLES `tbl_quantity` WRITE;
/*!40000 ALTER TABLE `tbl_quantity` DISABLE KEYS */;
/*!40000 ALTER TABLE `tbl_quantity` ENABLE KEYS */;
UNLOCK TABLES;

--
-- Table structure for table `tbl_role`
--

DROP TABLE IF EXISTS `tbl_role`;
/*!40101 SET @saved_cs_client     = @@character_set_client */;
/*!50503 SET character_set_client = utf8mb4 */;
CREATE TABLE `tbl_role` (
  `id` varchar(36) NOT NULL,
  `role` varchar(20) NOT NULL,
  `description` text,
  `isDefault` tinyint(1) DEFAULT NULL,
  `createdOn` datetime DEFAULT NULL,
  `createdBy` varchar(36) NOT NULL,
  PRIMARY KEY (`id`),
  UNIQUE KEY `role` (`role`),
  KEY `createdBy` (`createdBy`),
  CONSTRAINT `tbl_role_ibfk_1` FOREIGN KEY (`createdBy`) REFERENCES `tbl_user` (`id`),
  CONSTRAINT `tbl_role_chk_1` CHECK ((`isDefault` in (0,1)))
) ENGINE=InnoDB DEFAULT CHARSET=utf8mb4 COLLATE=utf8mb4_0900_ai_ci;
/*!40101 SET character_set_client = @saved_cs_client */;

--
-- Dumping data for table `tbl_role`
--

LOCK TABLES `tbl_role` WRITE;
/*!40000 ALTER TABLE `tbl_role` DISABLE KEYS */;
INSERT INTO `tbl_role` VALUES ('24fdd2cb-b8b4-4350-8c35-ef3dacfcd393','Editor','Editor, Report',0,'2021-03-15 02:57:54','174084d3-74e4-495b-8e00-cb44eadcbf15'),('ff681de8-3d05-450c-8d35-1b7f47326182','Administration','Admin, Cashier, Stock, Editor, Report',1,'2021-03-14 15:20:10','174084d3-74e4-495b-8e00-cb44eadcbf15');
/*!40000 ALTER TABLE `tbl_role` ENABLE KEYS */;
UNLOCK TABLES;

--
-- Table structure for table `tbl_room`
--

DROP TABLE IF EXISTS `tbl_room`;
/*!40101 SET @saved_cs_client     = @@character_set_client */;
/*!50503 SET character_set_client = utf8mb4 */;
CREATE TABLE `tbl_room` (
  `id` varchar(36) NOT NULL,
  `room` varchar(20) NOT NULL,
  `price` decimal(10,2) DEFAULT NULL,
  `hour` varchar(20) DEFAULT NULL,
  `status` varchar(20) DEFAULT NULL,
  `createdOn` datetime DEFAULT NULL,
  `createdBy` varchar(36) NOT NULL,
  `floorId` varchar(36) NOT NULL,
  PRIMARY KEY (`id`),
  UNIQUE KEY `room` (`room`),
  KEY `createdBy` (`createdBy`),
  KEY `floorId` (`floorId`),
  CONSTRAINT `tbl_room_ibfk_1` FOREIGN KEY (`createdBy`) REFERENCES `tbl_user` (`id`),
  CONSTRAINT `tbl_room_ibfk_2` FOREIGN KEY (`floorId`) REFERENCES `tbl_floor` (`id`)
) ENGINE=InnoDB DEFAULT CHARSET=utf8mb4 COLLATE=utf8mb4_0900_ai_ci;
/*!40101 SET character_set_client = @saved_cs_client */;

--
-- Dumping data for table `tbl_room`
--

LOCK TABLES `tbl_room` WRITE;
/*!40000 ALTER TABLE `tbl_room` DISABLE KEYS */;
INSERT INTO `tbl_room` VALUES ('048642bc-ba26-4c86-935e-baea60a534d2','Room 2',8.00,'1h','Open','2021-03-15 02:56:08','174084d3-74e4-495b-8e00-cb44eadcbf15','436f239c-9d00-46ef-bb8d-b39ffb7944ee'),('6b9d9477-c5a0-4440-a782-8cd12cf24a33','Room 1',8.00,'1h','Open','2021-03-15 02:56:04','174084d3-74e4-495b-8e00-cb44eadcbf15','436f239c-9d00-46ef-bb8d-b39ffb7944ee'),('d6aa1687-0f7a-438f-87e9-cfdfd0dd666c','Room 10',10.00,'1h','Open','2021-03-15 02:56:22','174084d3-74e4-495b-8e00-cb44eadcbf15','45018f57-6d4b-431f-a64f-09aec79a03e9');
/*!40000 ALTER TABLE `tbl_room` ENABLE KEYS */;
UNLOCK TABLES;

--
-- Table structure for table `tbl_stock`
--

DROP TABLE IF EXISTS `tbl_stock`;
/*!40101 SET @saved_cs_client     = @@character_set_client */;
/*!50503 SET character_set_client = utf8mb4 */;
CREATE TABLE `tbl_stock` (
  `id` varchar(36) NOT NULL,
  `cost` decimal(10,2) DEFAULT NULL,
  `currency` varchar(20) NOT NULL,
  `rate` decimal(10,2) DEFAULT NULL,
  `quantity` decimal(10,0) DEFAULT NULL,
  `color` varchar(36) DEFAULT NULL,
  `adjust` decimal(10,2) DEFAULT NULL,
  `createdOn` datetime DEFAULT NULL,
  `createdBy` varchar(36) NOT NULL,
  `productId` varchar(36) NOT NULL,
  PRIMARY KEY (`id`),
  KEY `createdBy` (`createdBy`),
  KEY `productId` (`productId`),
  CONSTRAINT `tbl_stock_ibfk_1` FOREIGN KEY (`createdBy`) REFERENCES `tbl_user` (`id`),
  CONSTRAINT `tbl_stock_ibfk_2` FOREIGN KEY (`productId`) REFERENCES `tbl_product` (`id`)
) ENGINE=InnoDB DEFAULT CHARSET=utf8mb4 COLLATE=utf8mb4_0900_ai_ci;
/*!40101 SET character_set_client = @saved_cs_client */;

--
-- Dumping data for table `tbl_stock`
--

LOCK TABLES `tbl_stock` WRITE;
/*!40000 ALTER TABLE `tbl_stock` DISABLE KEYS */;
/*!40000 ALTER TABLE `tbl_stock` ENABLE KEYS */;
UNLOCK TABLES;

--
-- Table structure for table `tbl_store`
--

DROP TABLE IF EXISTS `tbl_store`;
/*!40101 SET @saved_cs_client     = @@character_set_client */;
/*!50503 SET character_set_client = utf8mb4 */;
CREATE TABLE `tbl_store` (
  `id` varchar(36) NOT NULL,
  `store` varchar(20) DEFAULT NULL,
  `phone` varchar(50) DEFAULT NULL,
  `location` text,
  `createdOn` datetime DEFAULT NULL,
  PRIMARY KEY (`id`)
) ENGINE=InnoDB DEFAULT CHARSET=utf8mb4 COLLATE=utf8mb4_0900_ai_ci;
/*!40101 SET character_set_client = @saved_cs_client */;

--
-- Dumping data for table `tbl_store`
--

LOCK TABLES `tbl_store` WRITE;
/*!40000 ALTER TABLE `tbl_store` DISABLE KEYS */;
INSERT INTO `tbl_store` VALUES ('c3cb5134-a51e-450a-835f-dd59c9d42cfe','Demo Store','012 345 678','Phnom Penh, Cambodia','2021-03-14 15:20:10');
/*!40000 ALTER TABLE `tbl_store` ENABLE KEYS */;
UNLOCK TABLES;

--
-- Table structure for table `tbl_transaction`
--

DROP TABLE IF EXISTS `tbl_transaction`;
/*!40101 SET @saved_cs_client     = @@character_set_client */;
/*!50503 SET character_set_client = utf8mb4 */;
CREATE TABLE `tbl_transaction` (
  `id` varchar(36) NOT NULL,
  `isComplete` tinyint(1) DEFAULT NULL,
  `isEditable` tinyint(1) DEFAULT NULL,
  `discount` varchar(3) DEFAULT NULL,
  `price` decimal(10,2) DEFAULT NULL,
  `amount` decimal(10,2) DEFAULT NULL,
  `quantity` decimal(10,0) DEFAULT NULL,
  `profit` decimal(10,2) DEFAULT NULL,
  `description` text,
  `product` varchar(36) DEFAULT NULL,
  `createdOn` datetime DEFAULT NULL,
  `createdBy` varchar(36) NOT NULL,
  PRIMARY KEY (`id`),
  KEY `createdBy` (`createdBy`),
  CONSTRAINT `tbl_transaction_ibfk_1` FOREIGN KEY (`createdBy`) REFERENCES `tbl_user` (`id`),
  CONSTRAINT `tbl_transaction_chk_1` CHECK ((`isComplete` in (0,1))),
  CONSTRAINT `tbl_transaction_chk_2` CHECK ((`isEditable` in (0,1)))
) ENGINE=InnoDB DEFAULT CHARSET=utf8mb4 COLLATE=utf8mb4_0900_ai_ci;
/*!40101 SET character_set_client = @saved_cs_client */;

--
-- Dumping data for table `tbl_transaction`
--

LOCK TABLES `tbl_transaction` WRITE;
/*!40000 ALTER TABLE `tbl_transaction` DISABLE KEYS */;
/*!40000 ALTER TABLE `tbl_transaction` ENABLE KEYS */;
UNLOCK TABLES;

--
-- Table structure for table `tbl_user`
--

DROP TABLE IF EXISTS `tbl_user`;
/*!40101 SET @saved_cs_client     = @@character_set_client */;
/*!50503 SET character_set_client = utf8mb4 */;
CREATE TABLE `tbl_user` (
  `id` varchar(36) NOT NULL,
  `firstname` varchar(20) DEFAULT NULL,
  `lastname` varchar(20) DEFAULT NULL,
  `username` varchar(20) NOT NULL,
  `gender` varchar(1) DEFAULT NULL,
  `birthdate` date DEFAULT NULL,
  `email` varchar(100) DEFAULT NULL,
  `password` varchar(60) NOT NULL,
  `theme` varchar(20) DEFAULT NULL,
  `language` varchar(20) DEFAULT NULL,
  `publicId` varchar(50) NOT NULL,
  `token` varchar(36) DEFAULT NULL,
  `drawer` varchar(36) DEFAULT NULL,
  `isConfirm` tinyint(1) DEFAULT NULL,
  `isAdmin` tinyint(1) DEFAULT NULL,
  `createdOn` datetime DEFAULT NULL,
  PRIMARY KEY (`id`),
  UNIQUE KEY `username` (`username`),
  CONSTRAINT `tbl_user_chk_1` CHECK ((`isConfirm` in (0,1))),
  CONSTRAINT `tbl_user_chk_2` CHECK ((`isAdmin` in (0,1)))
) ENGINE=InnoDB DEFAULT CHARSET=utf8mb4 COLLATE=utf8mb4_0900_ai_ci;
/*!40101 SET character_set_client = @saved_cs_client */;

--
-- Dumping data for table `tbl_user`
--

LOCK TABLES `tbl_user` WRITE;
/*!40000 ALTER TABLE `tbl_user` DISABLE KEYS */;
INSERT INTO `tbl_user` VALUES ('08817674-9ad5-4153-b9a7-bce502463f8f','','','សាកល្បង','M',NULL,'','$2b$12$b.gSjiQ4Imo3V4BN9orI6.2MRK4zjRAzse0AU6VV.Imc.UhE6eEY.','light','english','08fa5bea-ec98-46e9-99b4-3c1007200bb0','','',1,0,'2021-03-15 02:57:07'),('174084d3-74e4-495b-8e00-cb44eadcbf15','','','Admin','',NULL,'','$2b$12$B212Iy7eHShZmr2IRiTb7.K.9a3.PSDXq5JmKiO5UAKuRnL8mAqVK','light','english','e4769719-e2a2-4a1b-9685-09d045a4a20e','','',1,1,'2021-03-14 15:20:10');
/*!40000 ALTER TABLE `tbl_user` ENABLE KEYS */;
UNLOCK TABLES;

--
-- Table structure for table `tbl_value`
--

DROP TABLE IF EXISTS `tbl_value`;
/*!40101 SET @saved_cs_client     = @@character_set_client */;
/*!50503 SET character_set_client = utf8mb4 */;
CREATE TABLE `tbl_value` (
  `id` varchar(36) NOT NULL,
  `value` varchar(50) NOT NULL,
  `price` decimal(10,2) DEFAULT NULL,
  `currency` varchar(20) NOT NULL,
  `description` text,
  `productId` varchar(36) NOT NULL,
  `propertyId` varchar(36) NOT NULL,
  `createdOn` datetime DEFAULT NULL,
  `createdBy` varchar(36) NOT NULL,
  PRIMARY KEY (`id`),
  KEY `productId` (`productId`),
  KEY `propertyId` (`propertyId`),
  KEY `createdBy` (`createdBy`),
  CONSTRAINT `tbl_value_ibfk_1` FOREIGN KEY (`productId`) REFERENCES `tbl_product` (`id`),
  CONSTRAINT `tbl_value_ibfk_2` FOREIGN KEY (`propertyId`) REFERENCES `tbl_property` (`id`),
  CONSTRAINT `tbl_value_ibfk_3` FOREIGN KEY (`createdBy`) REFERENCES `tbl_user` (`id`)
) ENGINE=InnoDB DEFAULT CHARSET=utf8mb4 COLLATE=utf8mb4_0900_ai_ci;
/*!40101 SET character_set_client = @saved_cs_client */;

--
-- Dumping data for table `tbl_value`
--

LOCK TABLES `tbl_value` WRITE;
/*!40000 ALTER TABLE `tbl_value` DISABLE KEYS */;
INSERT INTO `tbl_value` VALUES ('7bba557e-2a3b-420c-92c4-2e1c6c1bf12c','Normal',0.00,'dollar','','7193fd0e-b965-48ab-8d67-2425ada7f1d8','00de8d52-ee16-454f-bf2a-a9906bd94d25','2021-03-15 02:54:18','174084d3-74e4-495b-8e00-cb44eadcbf15'),('98dcdd58-c647-4944-9427-99b1c376e8f1','Double',2.00,'dollar','','7193fd0e-b965-48ab-8d67-2425ada7f1d8','00de8d52-ee16-454f-bf2a-a9906bd94d25','2021-03-15 02:54:24','174084d3-74e4-495b-8e00-cb44eadcbf15');
/*!40000 ALTER TABLE `tbl_value` ENABLE KEYS */;
UNLOCK TABLES;

--
-- Table structure for table `user_role`
--

DROP TABLE IF EXISTS `user_role`;
/*!40101 SET @saved_cs_client     = @@character_set_client */;
/*!50503 SET character_set_client = utf8mb4 */;
CREATE TABLE `user_role` (
  `user_id` varchar(36) DEFAULT NULL,
  `role_id` varchar(36) DEFAULT NULL,
  KEY `user_id` (`user_id`),
  KEY `role_id` (`role_id`),
  CONSTRAINT `user_role_ibfk_1` FOREIGN KEY (`user_id`) REFERENCES `tbl_user` (`id`),
  CONSTRAINT `user_role_ibfk_2` FOREIGN KEY (`role_id`) REFERENCES `tbl_role` (`id`)
) ENGINE=InnoDB DEFAULT CHARSET=utf8mb4 COLLATE=utf8mb4_0900_ai_ci;
/*!40101 SET character_set_client = @saved_cs_client */;

--
-- Dumping data for table `user_role`
--

LOCK TABLES `user_role` WRITE;
/*!40000 ALTER TABLE `user_role` DISABLE KEYS */;
INSERT INTO `user_role` VALUES ('174084d3-74e4-495b-8e00-cb44eadcbf15','ff681de8-3d05-450c-8d35-1b7f47326182'),('08817674-9ad5-4153-b9a7-bce502463f8f','24fdd2cb-b8b4-4350-8c35-ef3dacfcd393');
/*!40000 ALTER TABLE `user_role` ENABLE KEYS */;
UNLOCK TABLES;
/*!40103 SET TIME_ZONE=@OLD_TIME_ZONE */;

/*!40101 SET SQL_MODE=@OLD_SQL_MODE */;
/*!40014 SET FOREIGN_KEY_CHECKS=@OLD_FOREIGN_KEY_CHECKS */;
/*!40014 SET UNIQUE_CHECKS=@OLD_UNIQUE_CHECKS */;
/*!40101 SET CHARACTER_SET_CLIENT=@OLD_CHARACTER_SET_CLIENT */;
/*!40101 SET CHARACTER_SET_RESULTS=@OLD_CHARACTER_SET_RESULTS */;
/*!40101 SET COLLATION_CONNECTION=@OLD_COLLATION_CONNECTION */;
/*!40111 SET SQL_NOTES=@OLD_SQL_NOTES */;

-- Dump completed on 2021-03-15 10:10:39
